	% Reads with valid barcodes	% Duplicates	% Q > 30 Bases in CB + UMI	% Q > 30 Bases in cDNA	% Genome (unique)	% Transcriptome (unique)	Number of cells	Median genes per cell	Median UMIs per cell	Reads/cell	% Raw reads as UMIs in cells
Drop-seq	50.87276271805273	81.65926760649087	78.93352397565923	60.82341342799189	51.24620545638945	20.926765010141988	49300	763	1071	52738	4.46
inDrop	39.7455	72.8477	79.21050000000001	76.0707	47.8757	26.4754	27094	1321	1920	52738	3.24
HyDrop	83.04318869522551	60.84093236679748	77.75824208610972	95.27355020717	85.94529757504581	55.4999334877965	9691	1658	3389	52738	7.44
10x 900 Nuclei	98.2	52.900000000000006	97.3	86.5	89.4	65.3	954	2592	7748	50486	2.54
10x 2k Nuclei	97.4	83.3	98.3	67.9	79.3	23.5	2352	775	1127	51268	20.9
